nombre;fecha_hora;wind_dir;wind_kt;gust_kt;vis_m;temp_c;td_c;rh;precip_mm;conv_precip_mm;cape;cin;reflectivity_dbz;low_cloud_pct;ceiling_ft_agl;run_time;lead_h;snow_mm;snow_depth_cm
Puerto Argentino;2026-10-02T18:00;150.81303804487357;4.2335505082527956;3.902487149887085;24135.033203125;4.659844970703148;-1.267701081623934;65.4000015258789;0.0;0.0;0.0;-0.5623779296875;-20.000003814697266;5.0;16626.82543526496;2026-10-02T18:00;0;0.0;
Puerto Argentino;2026-10-02T19:00;121.60568370241884;4.962261181798935;4.349614877929688;24135.037109375;4.850000000000023;-0.7770633029797489;66.9000015258789;0.0;0.0;0.0;0.00555419921875;-20.000003814697266;5.0;16988.874459522773;2026-10-02T18:00;1;0.0;
Puerto Argentino;2026-10-02T20:00;103.80558541562294;6.442022308774402;5.656581982002258;24134.982421875;4.787591552734398;-0.3341314275603361;69.4000015258789;0.0;0.0;0.0;-0.49853515625;-20.000003814697266;5.0;17556.932361456365;2026-10-02T18:00;2;0.0;
Puerto Argentino;2026-10-02T21:00;90.8285174668726;8.709774503488356;7.39558232673645;24135.1640625;4.684899902343773;0.5067775609753772;74.30000305175781;0.0;0.0;5.0;0.0809326171875;-20.000003814697266;5.199999809265137;16771.983381593083;2026-10-02T18:00;3;0.0;
Puerto Argentino;2026-10-02T22:00;85.43841465125104;11.985419712244674;10.70610418685913;24134.83203125;4.415124511718773;1.3221508822538355;80.30000305175781;0.0;0.0;10.0;-0.04052734375;-20.000003814697266;17.700000762939453;13634.726588800115;2026-10-02T18:00;4;0.0;
Puerto Argentino;2026-10-02T23:00;76.06987089430669;13.824092694141035;12.641954350738526;24134.982421875;4.102288818359398;1.4772211397528519;83.0;0.0;0.0;7.0;-0.41778564453125;-11.420003890991211;39.5;1444.4201434461118;2026-10-02T18:00;5;0.0;
Puerto Argentino;2026-10-03T00:00;69.24890030860684;14.675368113885392;14.063222919540406;24134.935546875;3.9570861816406477;1.3853824818045022;83.30000305175781;0.0;0.0;6.0;-0.086669921875;-9.83000373840332;48.70000076293945;1475.3746605896663;2026-10-02T18:00;6;0.0;
Puerto Argentino;2026-10-03T01:00;61.56680212040396;15.14367869669945;14.783077493362427;24134.720703125;3.9863220214843977;1.3469769564488385;82.90000915527344;0.0;0.0;8.0;-0.139892578125;-9.24000358581543;45.79999923706055;1576.4278967322446;2026-10-02T18:00;7;0.0;
Puerto Argentino;2026-10-03T02:00;56.31788368817763;15.277212063130026;15.559849917144776;24135.125;4.043237304687523;1.25073119396366;82.00000762939453;0.0;0.0;7.0;-0.0462646484375;-8.460003852844238;41.599998474121094;1620.8624130383969;2026-10-02T18:00;8;0.0;
Puerto Argentino;2026-10-03T03:00;48.54636577656561;15.630322572356102;16.164506255187987;24135.0234375;4.104943847656273;1.2088641047117465;81.4000015258789;0.0;0.0;8.0;0.4151611328125;-7.310003757476807;14.699999809265137;1614.4766496607112;2026-10-02T18:00;9;0.0;
Puerto Argentino;2026-10-03T04:00;48.45096376330497;16.319594272107306;16.925507558135987;24135.076171875;4.231927490234398;1.2814436921047474;81.10000610351562;0.0625;0.0625;5.0;0.30291748046875;-20.000003814697266;6.300000190734863;14596.304267823552;2026-10-02T18:00;10;0.0;
Puerto Argentino;2026-10-03T05:00;45.7556012496928;17.148905895513373;18.49648174194336;24134.849609375;4.206536865234398;1.4102785778589602;82.00000762939453;0.0;0.0;5.0;0.4405517578125;-20.000003814697266;15.600000381469727;11400.558652364569;2026-10-02T18:00;11;0.0;
Puerto Argentino;2026-10-03T06:00;45.79695360652994;17.7844591561675;19.46158535507202;24134.841796875;4.221917724609398;1.459241459928962;82.19999694824219;0.0;0.0;5.0;-0.346435546875;-20.000003814697266;9.600000381469727;11496.34780635871;2026-10-02T18:00;12;0.0;
Puerto Argentino;2026-10-03T07:00;47.2448795070469;18.20256237674371;19.873985102844237;24135.1328125;4.249169921875023;1.4689116769320862;82.0999984741211;0.0;0.0;4.0;-0.2056884765625;-20.000003814697266;14.800000190734863;4480.624701329412;2026-10-02T18:00;13;0.0;
Puerto Argentino;2026-10-03T08:00;44.76094829462261;19.298310056875845;21.23811522064209;24135.326171875;4.306756591796898;1.5421533896757522;82.19999694824219;0.0;0.0;6.0;0.169921875;-20.000003814697266;36.400001525878906;2147.2628182654475;2026-10-02T18:00;14;0.0;
Puerto Argentino;2026-10-03T09:00;40.919752542407764;20.081746013377074;22.757837664489745;24135.083984375;4.378411865234398;1.8480221234863008;83.5999984741211;0.0;0.0;9.0;-0.10009765625;-20.000003814697266;33.70000076293945;1964.851598555975;2026-10-02T18:00;15;0.0;
Puerto Argentino;2026-10-03T10:00;40.83690255939206;20.18709036869297;23.329709721374513;24134.859375;4.449975585937523;2.2983057046936493;85.9000015258789;0.0;0.0;12.0;-0.2362060546875;-11.340003967285156;8.600000381469727;2844.3195683435724;2026-10-02T18:00;16;0.0;
Puerto Argentino;2026-10-03T11:00;41.47081288526766;20.37609330984227;23.73112576171875;24135.029296875;4.468316650390648;2.478856597774896;86.9000015258789;0.0;0.0;13.0;0.327880859375;-5.970003604888916;5.599999904632568;2704.086686700506;2026-10-02T18:00;17;0.0;
Puerto Argentino;2026-10-03T12:00;42.167280955765136;21.12958527530702;24.706139737701417;24134.91796875;4.498742675781273;2.4764016576145615;86.69999694824219;0.0;0.0;12.0;0.4281005859375;-3.420003652572632;48.099998474121094;994.1606975842952;2026-10-02T18:00;18;0.0;
Puerto Argentino;2026-10-03T13:00;41.16040468598624;21.85705795870369;25.543402265319823;24135.189453125;4.400292968750023;2.476461752571957;87.30000305175781;0.0;0.0;14.0;0.328125;-1.8900036811828613;100.0;919.225422889471;2026-10-02T18:00;19;0.0;
Puerto Argentino;2026-10-03T14:00;38.36829772569257;22.121830812765054;26.267514995422363;24135.05859375;4.580773925781273;2.621811142561833;87.0999984741211;0.0;0.0;14.0;0.0313720703125;-1.070003628730774;87.5999984741211;820.85138589118;2026-10-02T18:00;20;0.0;
Puerto Argentino;2026-10-03T15:00;37.727036073717784;22.006393637875064;25.898484671325683;24135.158203125;4.520715332031273;2.530397793334341;86.9000015258789;0.0;0.0;12.0;-0.443359375;-3.910003662109375;48.0;866.6769150794124;2026-10-02T18:00;21;0.0;
Puerto Argentino;2026-10-03T16:00;39.34989183669023;21.997660549846824;26.475198828430177;24134.69921875;4.626550292968773;2.666850183360615;87.0999984741211;0.0625;0.0625;8.0;-0.27374267578125;-17.530004501342773;78.0;6108.064717882146;2026-10-02T18:00;22;0.0;
Puerto Argentino;2026-10-03T17:00;38.76449121430369;22.356593442319095;27.84772290863037;24134.853515625;4.620935058593773;2.7258272795153533;87.5;0.0;0.0;10.0;0.23040771484375;-20.000003814697266;36.70000076293945;11580.449768839178;2026-10-02T18:00;23;0.0;
Puerto Argentino;2026-10-03T18:00;41.26608183513167;22.09720195912157;27.44290887069702;24135.1484375;4.687615966796898;2.903784027962;88.19999694824219;0.0;0.0;10.0;-0.26715087890625;-2.530003547668457;55.599998474121094;820.5620295801449;2026-10-02T18:00;24;0.0;
Puerto Argentino;2026-10-03T19:00;42.77315077729514;22.453907217758612;27.446332821350097;24134.91015625;4.745202636718773;2.960526108802881;88.19999694824219;0.0;0.0;16.0;0.46612548828125;4.949996471405029;93.4000015258789;821.8127196698665;2026-10-02T18:00;25;0.0;
Puerto Argentino;2026-10-03T20:00;51.73826172965448;21.49372332428192;27.607649651794432;24135.265625;4.807214355468773;2.957482881728616;87.80000305175781;0.0625;0.0625;9.0;-0.0631103515625;-20.000003814697266;66.9000015258789;839.0528990882016;2026-10-02T18:00;26;0.0;
Puerto Argentino;2026-10-03T21:00;52.6212423358445;23.760133470366274;30.369938061828613;24135.333984375;4.707238769531273;2.9391033663392734;88.30000305175781;0.0;0.0;6.0;0.411376953125;-20.000003814697266;93.9000015258789;2876.436516895819;2026-10-02T18:00;27;0.0;
Puerto Argentino;2026-10-03T22:00;53.195793937629105;24.44828319721806;30.908136018218993;24134.78125;4.829583740234398;3.059669616771718;88.30000305175781;0.0;0.0;7.0;-0.3133544921875;-17.050003051757812;87.19999694824219;937.6320887097836;2026-10-02T18:00;28;0.0;
Puerto Argentino;2026-10-03T23:00;52.11429716480029;25.561665842880625;31.50070935119629;24134.8515625;4.965844726562523;2.9682366501382007;86.90000915527344;0.0;0.0;6.0;-0.22607421875;0.5199963450431824;100.0;1019.6727128748227;2026-10-02T18:00;29;0.0;
Puerto Argentino;2026-10-04T00:00;52.65963441890267;25.008660684867404;31.544829559936524;24134.755859375;5.022729492187523;3.266013905052976;88.4000015258789;0.0;0.0;9.0;-0.302978515625;3.7999963760375977;100.00000762939453;1113.7697832507993;2026-10-02T18:00;30;0.0;
Puerto Argentino;2026-10-04T01:00;54.38553643663113;25.40322541274103;33.239794506835935;24135.21484375;4.885858154296898;3.6809757983972187;91.90000915527344;0.0625;0.0;9.0;-0.419921875;17.459997177124023;100.0;478.9575806079769;2026-10-02T18:00;31;0.0;
Puerto Argentino;2026-10-04T02:00;56.611013863014534;25.51431668067925;34.21477696838379;20668.33984375;4.613366699218773;4.030885094225617;96.0;0.3125;0.0;11.0;0.0078125;19.429996490478516;100.00000762939453;148.77987743872643;2026-10-02T18:00;32;0.0;
Puerto Argentino;2026-10-04T03:00;54.419494860732925;26.537103521634524;35.40358672393799;1094.31005859375;4.572412109375023;4.108274949030423;96.80000305175781;0.375;0.0;12.0;-0.1456298828125;22.309995651245117;100.0;50.16583239645958;2026-10-02T18:00;33;0.0;
Puerto Argentino;2026-10-04T04:00;56.993161365580136;27.094389102660244;34.997120958862304;433.95806884765625;4.479913330078148;4.030827660470265;96.90000915527344;0.625;0.0;11.0;0.02871091291308403;26.219995498657227;100.0;32.094122788534165;2026-10-02T18:00;34;0.0;
Puerto Argentino;2026-10-04T05:00;58.748993760178564;27.165913268234625;35.99965445159912;2549.38232421875;4.587396240234398;4.078991858261407;96.5;0.5625;0.0;10.0;-0.0296630859375;22.149995803833008;100.0;101.06374517706871;2026-10-02T18:00;35;0.0;
Puerto Argentino;2026-10-04T06:00;64.7978359956906;28.897552058845342;37.94776187683105;13977.607421875;4.872460937500023;3.943303963843915;93.69999694824219;0.5625;0.0;3.0;-0.2369384765625;24.62999725341797;100.0;561.7089299542904;2026-10-02T18:00;36;0.0;
Puerto Argentino;2026-10-04T07:00;63.35687926292633;28.02102328610578;37.90610350158691;12376.5966796875;5.387353515625023;4.4084568685939205;93.4000015258789;0.0;0.0;0.0;0.14495849609375;27.469995498657227;100.0;625.7116423798275;2026-10-02T18:00;37;0.0;
Puerto Argentino;2026-10-04T08:00;56.72662785048459;27.169119536932612;38.11739851806641;14006.2294921875;5.550012207031273;4.7221739264070965;94.4000015258789;0.8125;0.0;0.0;0.4998779296875;23.139995574951172;100.0;443.95467831549644;2026-10-02T18:00;38;0.0;
Puerto Argentino;2026-10-04T09:00;44.6712820207477;25.537605989449965;37.16565517150879;12669.5693359375;5.669366455078148;4.961706044031541;95.19999694824219;0.6875;0.0;0.0;-0.0479736328125;23.41999626159668;100.0;367.86598330817225;2026-10-02T18:00;39;0.0;
Puerto Argentino;2026-10-04T10:00;39.414794290498094;24.299377377045694;34.9905325881958;23534.9765625;5.722741699218773;5.014772450584969;95.20000457763672;0.5;0.0;0.0;-0.375244140625;15.449995994567871;100.0;354.90912834113124;2026-10-02T18:00;40;0.0;
Puerto Argentino;2026-10-04T11:00;36.85218208100753;22.850198481615227;31.72321238372803;24135.0;5.649987792968773;5.047556738706769;95.9000015258789;0.125;0.0;0.0;0.0184326171875;8.619996070861816;100.0;284.0175580313778;2026-10-02T18:00;41;0.0;
Puerto Argentino;2026-10-04T12:00;40.26164886824978;21.608721367541012;28.58132704498291;12838.091796875;5.627893066406273;5.189366048633255;97.00000762939453;0.0625;0.0;0.0;0.05712890625;9.91999626159668;100.0;205.15462184576987;2026-10-02T18:00;42;0.0;
Puerto Argentino;2026-10-04T13:00;41.34913346092162;20.77837834091742;27.23196792816162;8813.3388671875;5.561059570312523;5.122772068242969;97.0;0.0;0.0;0.0;-0.015332031063735485;11.049996376037598;100.0;160.5368548862362;2026-10-02T18:00;43;0.0;
Puerto Argentino;2026-10-04T14:00;41.41060406713012;19.382149881824816;25.076058027343752;9727.2353515625;5.416345214843773;5.022888772396586;97.30000305175781;0.125;0.0;0.0;0.0042968750931322575;10.529997825622559;100.0;133.425294929266;2026-10-02T18:00;44;0.0;
Puerto Argentino;2026-10-04T15:00;37.090743648605326;16.007509025897686;20.412296140441896;6668.57568359375;5.405297851562523;5.1001293522862;97.90000915527344;0.0625;0.0;0.0;-0.04608154296875;-3.9200024604797363;100.0;119.28464474631309;2026-10-02T18:00;45;0.0;
Puerto Argentino;2026-10-04T16:00;35.04510736654538;12.588311433433915;16.354412239379883;24134.923828125;5.454675292968773;5.178704365438525;98.0999984741211;0.0;0.0;0.0;0.1373291015625;-10.480002403259277;100.0;184.89647612799644;2026-10-02T18:00;46;0.0;
Puerto Argentino;2026-10-04T17:00;28.67169468912624;10.83538123536197;14.41145000907898;24134.830078125;5.550012207031273;5.200361791098103;97.60000610351562;0.0;0.0;0.0;0.171630859375;8.179996490478516;100.0;346.58888285773276;2026-10-02T18:00;47;0.0;
Puerto Argentino;2026-10-04T18:00;22.273180540370845;9.886752117550778;12.8871996824646;24135.1875;5.619927978515648;5.166608348580208;96.90000915527344;0.0625;0.0;0.0;0.01767578162252903;-10.570003509521484;100.0;443.67203026495935;2026-10-02T18:00;48;0.0;
